gid,num_trami,TRÁMITE_e,FECHA_DE_R,FECHA_DESP,observacion
31086,1135024.0,1135024.0,2026-03-26T00:00:00,FINALIZADO,FECHA_DESP_NO_INTERPRETABLE
28820,1121839.0,1121839.0,2026-03-09T00:00:00,8/3/2026,DESPACHO_ANTERIOR_A_INGRESO
6001,1217152.0,1217152.0,2026-07-28T00:00:00,8/7/2026,DESPACHO_ANTERIOR_A_INGRESO
454677012,1175925.0,1175925.0,2026-05-28T00:00:00,6/1/2026,DESPACHO_ANTERIOR_A_INGRESO
454673955,1065193.0,1065193.0,2026-01-31T00:00:00,30/1/2026,DESPACHO_ANTERIOR_A_INGRESO
454673954,1065193.0,1065193.0,2026-01-31T00:00:00,30/1/2026,DESPACHO_ANTERIOR_A_INGRESO
454673957,1065193.0,1065193.0,2026-01-31T00:00:00,30/1/2026,DESPACHO_ANTERIOR_A_INGRESO
454673407,1070875.0,1070875.0,2026-01-31T00:00:00,28/1/2026,DESPACHO_ANTERIOR_A_INGRESO
454672717,1062619.0,1062619.0,2026-01-31T00:00:00,23/1/2026,DESPACHO_ANTERIOR_A_INGRESO
454673898,1066999.0,1066999.0,2026-01-31T00:00:00,28/1/2026,DESPACHO_ANTERIOR_A_INGRESO
454673899,1066999.0,1066999.0,2026-01-31T00:00:00,28/1/2026,DESPACHO_ANTERIOR_A_INGRESO
454673897,1066999.0,1066999.0,2026-01-31T00:00:00,28/1/2026,DESPACHO_ANTERIOR_A_INGRESO
454673390,1058729.0,1058729.0,2026-01-31T00:00:00,27/1/2026,DESPACHO_ANTERIOR_A_INGRESO
454673389,1058729.0,1058729.0,2026-01-31T00:00:00,27/1/2026,DESPACHO_ANTERIOR_A_INGRESO
454673868,1057577.0,1057577.0,2026-01-31T00:00:00,27/1/2026,DESPACHO_ANTERIOR_A_INGRESO
454672480,1057577.0,1057577.0,2026-01-31T00:00:00,27/1/2026,DESPACHO_ANTERIOR_A_INGRESO
454672482,1057577.0,1057577.0,2026-01-31T00:00:00,27/1/2026,DESPACHO_ANTERIOR_A_INGRESO
454672483,1057577.0,1057577.0,2026-01-31T00:00:00,27/1/2026,DESPACHO_ANTERIOR_A_INGRESO
454672481,1057577.0,1057577.0,2026-01-31T00:00:00,27/1/2026,DESPACHO_ANTERIOR_A_INGRESO
454673408,1070875.0,1070875.0,2026-01-31T00:00:00,28/1/2026,DESPACHO_ANTERIOR_A_INGRESO
454673412,1070875.0,1070875.0,2026-01-31T00:00:00,28/1/2026,DESPACHO_ANTERIOR_A_INGRESO
454673409,1070875.0,1070875.0,2026-01-31T00:00:00,28/1/2026,DESPACHO_ANTERIOR_A_INGRESO
454673410,1070875.0,1070875.0,2026-01-31T00:00:00,28/1/2026,DESPACHO_ANTERIOR_A_INGRESO
454673411,1070875.0,1070875.0,2026-01-31T00:00:00,28/1/2026,DESPACHO_ANTERIOR_A_INGRESO
507695,1050084.0,1050084.0,2026-01-31T00:00:00,27/1/2026,DESPACHO_ANTERIOR_A_INGRESO
454673636,1056056.0,1056056.0,2026-01-31T00:00:00,30/1/2026,DESPACHO_ANTERIOR_A_INGRESO
454673958,1065193.0,1065193.0,2026-01-31T00:00:00,30/1/2026,DESPACHO_ANTERIOR_A_INGRESO
454673956,1065193.0,1065193.0,2026-01-31T00:00:00,30/1/2026,DESPACHO_ANTERIOR_A_INGRESO
1239,1046655.0,1046655.0,2026-01-31T00:00:00,23/1/2026,DESPACHO_ANTERIOR_A_INGRESO
488785,1084057.0,1084057.0,2025-12-24T00:00:00,27/6/2018,DESPACHO_ANTERIOR_A_INGRESO
454673915,1074968.0,1074968.0,2026-01-31T00:00:00,28/1/2026,DESPACHO_ANTERIOR_A_INGRESO
454673917,1074968.0,1074968.0,2026-01-31T00:00:00,28/1/2026,DESPACHO_ANTERIOR_A_INGRESO
454673912,1074968.0,1074968.0,2026-01-31T00:00:00,28/1/2026,DESPACHO_ANTERIOR_A_INGRESO
454673913,1074968.0,1074968.0,2026-01-31T00:00:00,28/1/2026,DESPACHO_ANTERIOR_A_INGRESO
454673910,1074968.0,1074968.0,2026-01-31T00:00:00,28/1/2026,DESPACHO_ANTERIOR_A_INGRESO
454673911,1074968.0,1074968.0,2026-01-31T00:00:00,28/1/2026,DESPACHO_ANTERIOR_A_INGRESO
454673914,1074968.0,1074968.0,2026-01-31T00:00:00,28/1/2026,DESPACHO_ANTERIOR_A_INGRESO
454673919,1074968.0,1074968.0,2026-01-31T00:00:00,28/1/2026,DESPACHO_ANTERIOR_A_INGRESO
454673916,1074968.0,1074968.0,2026-01-31T00:00:00,28/1/2026,DESPACHO_ANTERIOR_A_INGRESO
454673918,1074968.0,1074968.0,2026-01-31T00:00:00,28/1/2026,DESPACHO_ANTERIOR_A_INGRESO
454674133,1018251.0,1018251.0,2026-04-06T00:00:00,2/3/2026,DESPACHO_ANTERIOR_A_INGRESO
5079820,1159314.0,1159314.0,2026-05-04T00:00:00,026-05-18,FECHA_DESP_NO_INTERPRETABLE
123785,1046655.0,1046655.0,2026-01-31T00:00:00,23/1/2026,DESPACHO_ANTERIOR_A_INGRESO
454675845,1112860.0,1112860.0,2026-02-23T00:00:00,18/2/2026,DESPACHO_ANTERIOR_A_INGRESO
454673923,1038828.0,1038828.0,2026-05-02T00:00:00,13/02/2026,DESPACHO_ANTERIOR_A_INGRESO
454673922,1038828.0,1038828.0,2026-05-02T00:00:00,13/02/2026,DESPACHO_ANTERIOR_A_INGRESO
454673924,1038828.0,1038828.0,2026-05-02T00:00:00,13/02/2026,DESPACHO_ANTERIOR_A_INGRESO
454673921,1038828.0,1038828.0,2026-05-02T00:00:00,13/02/2026,DESPACHO_ANTERIOR_A_INGRESO
41568,1039089.0,1039089.0,2026-04-06T00:00:00,20/10/2025,DESPACHO_ANTERIOR_A_INGRESO
31038,1135024.0,1135024.0,2026-03-26T00:00:00,FINALIZADO,FECHA_DESP_NO_INTERPRETABLE
31087,1135024.0,1135024.0,2026-03-26T00:00:00,FINALIZADO,FECHA_DESP_NO_INTERPRETABLE
454677032,1157286.0,1157286.0,2026-04-29T00:00:00,20/2/2026,DESPACHO_ANTERIOR_A_INGRESO
12,1149153.0,1149153.0,2026-04-16T00:00:00,15/4/2026,DESPACHO_ANTERIOR_A_INGRESO
19045,1220670.0,1220670.0,2026-08-03T00:00:00,8/7/2026,DESPACHO_ANTERIOR_A_INGRESO
6045,1217152.0,1217152.0,2026-07-28T00:00:00,8/7/2026,DESPACHO_ANTERIOR_A_INGRESO
6042,1217152.0,1217152.0,2026-07-28T00:00:00,8/7/2026,DESPACHO_ANTERIOR_A_INGRESO
454678623,1217152.0,1217152.0,2026-07-28T00:00:00,8/7/2026,DESPACHO_ANTERIOR_A_INGRESO
454673396,1056939.0,1056939.0,2026-01-31T00:00:00,23/1/2026,DESPACHO_ANTERIOR_A_INGRESO
6048,1217152.0,1217152.0,2026-07-28T00:00:00,8/7/2026,DESPACHO_ANTERIOR_A_INGRESO
6044,1217152.0,1217152.0,2026-07-28T00:00:00,8/7/2026,DESPACHO_ANTERIOR_A_INGRESO
6047,1217152.0,1217152.0,2026-07-28T00:00:00,8/7/2026,DESPACHO_ANTERIOR_A_INGRESO
6046,1217152.0,1217152.0,2026-07-28T00:00:00,8/7/2026,DESPACHO_ANTERIOR_A_INGRESO
454678749,1223173.0,1223173.0,2026-08-06T00:00:00,8/7/2026,DESPACHO_ANTERIOR_A_INGRESO
454673639,1056056.0,1056056.0,2026-01-31T00:00:00,30/1/2026,DESPACHO_ANTERIOR_A_INGRESO
454673638,1056056.0,1056056.0,2026-01-31T00:00:00,30/1/2026,DESPACHO_ANTERIOR_A_INGRESO
454673641,1056056.0,1056056.0,2026-01-31T00:00:00,30/1/2026,DESPACHO_ANTERIOR_A_INGRESO
454670210,1020907.0,1020907.0,2026-03-02T00:00:00,28/2/2026,DESPACHO_ANTERIOR_A_INGRESO
454678742,1219862.0,1219862.0,2026-08-03T00:00:00,8/6/2026,DESPACHO_ANTERIOR_A_INGRESO
454674188,1102211.0,1102211.0,2026-02-03T00:00:00,27-feb,FECHA_DESP_NO_INTERPRETABLE
454678750,1223622.0,1223622.0,2026-08-06T00:00:00,8/7/2026,DESPACHO_ANTERIOR_A_INGRESO
454678643,1218431.0,1218431.0,2026-07-29T00:00:00,8/7/2026,DESPACHO_ANTERIOR_A_INGRESO
454678618,1214740.0,1214740.0,2026-07-24T00:00:00,8/7/2026,DESPACHO_ANTERIOR_A_INGRESO
454678642,1218212.0,1218212.0,2026-07-29T00:00:00,8/6/2026,DESPACHO_ANTERIOR_A_INGRESO
454673696,1063265.0,1063265.0,2026-01-31T00:00:00,23/1/2026,DESPACHO_ANTERIOR_A_INGRESO
454678757,1220420.0,1220420.0,2026-08-03T00:00:00,8/7/2026,DESPACHO_ANTERIOR_A_INGRESO
31690,1223625.0,1223625.0,2026-08-06T00:00:00,8/7/2026,DESPACHO_ANTERIOR_A_INGRESO
454678743,1220094.0,1220094.0,2026-08-03T00:00:00,8/6/2026,DESPACHO_ANTERIOR_A_INGRESO
507256,1015398.0,1015398.0,2026-02-23T00:00:00,10/11/2025,DESPACHO_ANTERIOR_A_INGRESO
454678616,1214738.0,1214738.0,2026-07-24T00:00:00,8/6/2026,DESPACHO_ANTERIOR_A_INGRESO
454674969,1117928.0,1117928.0,2026-03-02T00:00:00,6/2/2026,DESPACHO_ANTERIOR_A_INGRESO
454673395,1056939.0,1056939.0,2026-01-31T00:00:00,23/1/2026,DESPACHO_ANTERIOR_A_INGRESO
454673771,1065828.0,1065828.0,2026-01-31T00:00:00,28/1/2026,DESPACHO_ANTERIOR_A_INGRESO
454647836,1084057.0,1084057.0,2025-12-24T00:00:00,27/6/2018,DESPACHO_ANTERIOR_A_INGRESO
488783,1084057.0,1084057.0,2025-12-24T00:00:00,27/6/2018,DESPACHO_ANTERIOR_A_INGRESO
485257,1084057.0,1084057.0,2025-12-24T00:00:00,27/6/2018,DESPACHO_ANTERIOR_A_INGRESO
485260,1084057.0,1084057.0,2025-12-24T00:00:00,27/6/2018,DESPACHO_ANTERIOR_A_INGRESO
454675018,1106099.0,1106099.0,2026-02-10T00:00:00,23/1/2026,DESPACHO_ANTERIOR_A_INGRESO
454678603,1216364.0,1216364.0,2026-07-27T00:00:00,8/6/2026,DESPACHO_ANTERIOR_A_INGRESO
